<?xml version="1.0" encoding="UTF-8" standalone="no"?>
<!-- Generated 08-jun-2018 10:39:19 by Hibernate Tools 5.2.8.Final --><!DOCTYPE hibernate-mapping PUBLIC "-//Hibernate/Hibernate Mapping DTD 3.0//EN" "http://www.hibernate.org/dtd/hibernate-mapping-3.0.dtd">
<hibernate-mapping auto-import="true" default-access="property" default-cascade="none" default-lazy="true">
    <class catalog="Usuarios_log" dynamic-insert="false" dynamic-update="false" mutable="true" name="Usuarios_log.Usuario" optimistic-lock="version" polymorphism="implicit" select-before-update="false" table="usuarios">
        <id name="id" type="java.lang.Integer">
            <column name="id"/>
            <generator class="identity"/>
        </id>
        <property generated="never" lazy="false" name="nombre" optimistic-lock="true" type="string" unique="false">
            <column length="10" name="nombre" not-null="true"/>
        </property>
        <property generated="never" lazy="false" name="password" optimistic-lock="true" type="string" unique="false">
            <column length="10" name="password" not-null="true"/>
        </property>
        <set embed-xml="true" fetch="select" inverse="true" lazy="true" mutable="true" name="postsForIdFrom" optimistic-lock="true" sort="unsorted" table="post">
            <key on-delete="noaction">
                <column name="id_from" not-null="true"/>
            </key>
            <one-to-many class="Usuarios_log.Post" embed-xml="true" not-found="exception"/>
        </set>
        <set embed-xml="true" fetch="select" inverse="true" lazy="true" mutable="true" name="postsForIdTo" optimistic-lock="true" sort="unsorted" table="post">
            <key on-delete="noaction">
                <column name="id_to" not-null="true"/>
            </key>
            <one-to-many class="Usuarios_log.Post" embed-xml="true" not-found="exception"/>
        </set>
    </class>
</hibernate-mapping>
